[
  {
    "filename": "gallery-1762804701593.png",
    "path": "/uploads/gallery/gallery-1762804701593.png",
    "alt": "Kegelfidget",
    "tags": [
      "Kegel",
      "Fidget"
    ],
    "id": "mhtkekyk9yz1ecrr71u",
    "uploadedAt": "2025-11-10T19:58:21.596Z"
  },
  {
    "filename": "gallery-1762805640939-5psasq.png",
    "path": "/uploads/gallery/gallery-1762805640939-5psasq.png",
    "alt": "Hond Fluit",
    "tags": [
      "Hond",
      "Wolf",
      "Fluit"
    ],
    "id": "mhtkyprlvuuphx1ovm",
    "uploadedAt": "2025-11-10T20:14:00.945Z"
  },
  {
    "filename": "gallery-1762805640946-drwsmd.png",
    "path": "/uploads/gallery/gallery-1762805640946-drwsmd.png",
    "alt": "Fidget vijfhoek",
    "tags": [
      "Fidget"
    ],
    "id": "mhtkyprt5zcfb4bqcx7",
    "uploadedAt": "2025-11-10T20:14:00.953Z"
  },
  {
    "filename": "gallery-1762805640953-9tmvj3.png",
    "path": "/uploads/gallery/gallery-1762805640953-9tmvj3.png",
    "alt": "fluit.png",
    "tags": [
      "Fluit"
    ],
    "id": "mhtkypruynylastzm7a",
    "uploadedAt": "2025-11-10T20:14:00.954Z"
  },
  {
    "filename": "gallery-1762805640955-0b1zp5.png",
    "path": "/uploads/gallery/gallery-1762805640955-0b1zp5.png",
    "alt": "Draak",
    "tags": [
      "Draak"
    ],
    "id": "mhtkyps2okzka6506ek",
    "uploadedAt": "2025-11-10T20:14:00.962Z"
  }
]